datetime,open,high,low,close,volume,signals
2023-12-27 23:30:00,43022.0,43215.0,42928.75,43183.98,1202.68526,0
2023-12-28 00:30:00,43183.99,43195.0,43000.0,43154.34,1086.81276,0
2023-12-28 01:30:00,43154.34,43565.45,43121.45,43445.32,2427.3704,0
2023-12-28 02:30:00,43445.32,43484.0,43252.72,43366.2,1459.94871,0
2023-12-28 03:30:00,43366.2,43677.0,43280.33,43323.81,2065.52137,0
2023-12-28 04:30:00,43323.81,43467.74,43323.8,43428.85,1490.05628,0
2023-12-28 05:30:00,43428.86,43787.57,43383.66,43566.5,2840.455,-1
2023-12-28 06:30:00,43566.5,43718.46,43418.38,43426.0,1365.83974,0
2023-12-28 07:30:00,43426.0,43466.06,43304.27,43358.31,1073.01825,1
2023-12-28 08:30:00,43358.32,43416.16,43314.0,43408.41,803.14564,0
2023-12-28 09:30:00,43408.4,43624.74,43313.72,43314.0,1305.13865,0
2023-12-28 10:30:00,43314.01,43369.19,43140.88,43222.01,1486.04342,0
2023-12-28 11:30:00,43222.0,43222.01,42973.44,43031.97,1264.98709,0
2023-12-28 12:30:00,43031.96,43068.0,42794.11,43049.17,2159.62778,0
2023-12-28 13:30:00,43049.17,43071.1,42914.86,42931.1,1221.96638,0
2023-12-28 14:30:00,42931.1,43099.5,42868.36,43045.06,1321.33122,0
2023-12-28 15:30:00,43045.05,43192.17,43014.0,43101.71,927.7383,-1
2023-12-28 16:30:00,43101.72,43140.61,43012.76,43059.98,973.10745,1
2023-12-28 17:30:00,43059.98,43125.03,42736.0,42786.16,1402.12957,0
2023-12-28 18:30:00,42786.15,42933.42,42582.19,42792.95,1985.36723,0
2023-12-28 19:30:00,42792.95,42826.22,42430.0,42664.0,2844.94482,0
2023-12-28 20:30:00,42664.0,42710.44,42401.01,42445.99,2328.12661,0
2023-12-28 21:30:00,42445.99,42564.51,42241.79,42456.07,2016.53213,0
2023-12-28 22:30:00,42456.07,42641.1,42456.06,42539.6,1474.70178,0
2023-12-28 23:30:00,42539.61,42640.0,42381.94,42480.0,1163.13075,0
2023-12-29 00:30:00,42480.0,42725.3,42460.0,42610.64,1008.22915,-1
2023-12-29 01:30:00,42610.64,42613.81,42370.81,42506.43,1040.25232,1
2023-12-29 02:30:00,42506.42,42615.99,42334.99,42454.0,1078.34874,0
2023-12-29 03:30:00,42454.0,42626.07,42375.01,42626.07,763.91577,-1
2023-12-29 04:30:00,42626.07,42745.97,42531.1,42563.76,1302.44706,0
2023-12-29 05:30:00,42563.76,42685.18,42367.07,42407.11,1520.22871,1
2023-12-29 06:30:00,42407.12,42539.82,42088.92,42332.01,2793.43374,0
2023-12-29 07:30:00,42332.0,42625.33,42261.1,42574.71,1536.68902,-1
2023-12-29 08:30:00,42574.72,42800.0,42456.26,42697.42,1275.05668,0
2023-12-29 09:30:00,42697.42,42766.68,42594.01,42661.96,748.07169,0
2023-12-29 10:30:00,42661.96,42702.79,42506.76,42677.71,835.09357,0
2023-12-29 11:30:00,42677.71,42689.77,42510.0,42531.13,787.87711,1
2023-12-29 12:30:00,42531.12,42570.12,42222.0,42273.34,2760.01435,0
2023-12-29 13:30:00,42273.35,42513.04,42268.26,42472.88,1397.1647,0
2023-12-29 14:30:00,42472.88,42696.45,42419.95,42655.88,1279.78286,-1
2023-12-29 15:30:00,42655.88,42795.0,42621.1,42686.01,1105.13957,0
2023-12-29 16:30:00,42686.0,42934.0,42677.35,42862.01,1509.75674,0
2023-12-29 17:30:00,42862.0,42930.0,42750.01,42825.46,1116.09395,0
2023-12-29 18:30:00,42825.45,42887.99,42706.18,42825.17,1114.59108,0
2023-12-29 19:30:00,42824.3,43111.0,42764.86,43021.87,1641.40949,0
2023-12-29 20:30:00,43021.88,43038.0,42106.64,42271.09,3989.28031,1
2023-12-29 21:30:00,42271.09,42351.1,41880.0,41971.24,4137.33726,0
2023-12-29 22:30:00,41971.23,42049.47,41650.0,41806.43,3356.01813,0
2023-12-29 23:30:00,41806.42,42115.35,41759.92,42054.54,1734.45501,0
2023-12-30 00:30:00,42054.54,42158.65,41947.91,42116.51,1090.07786,0
2023-12-30 01:30:00,42116.51,42122.14,41933.9,42026.98,1103.28504,0
2023-12-30 02:30:00,42026.97,42240.0,41871.24,41936.22,1718.95915,0
2023-12-30 03:30:00,41936.23,41943.77,41300.0,41761.02,2667.72124,0
2023-12-30 04:30:00,41761.03,42098.74,41761.02,42066.95,1379.65186,-1
2023-12-30 05:30:00,42066.94,42209.22,42011.23,42094.56,915.96116,0
2023-12-30 06:30:00,42094.57,42207.26,42079.08,42165.94,837.32212,0
2023-12-30 07:30:00,42165.94,42186.1,41844.86,41905.8,820.78768,1
2023-12-30 08:30:00,41905.81,42011.1,41820.0,41972.81,628.13186,0
2023-12-30 09:30:00,41972.81,42062.92,41969.49,41990.0,562.07695,0
2023-12-30 10:30:00,41990.01,42131.1,41976.01,42104.0,595.32538,-1
2023-12-30 11:30:00,42104.01,42160.0,42035.82,42050.35,536.95075,0
2023-12-30 12:30:00,42050.35,42128.62,41930.43,41947.16,657.46917,1
2023-12-30 13:30:00,41947.16,41988.62,41540.85,41575.91,1627.92971,0
2023-12-30 14:30:00,41575.91,41726.13,41520.3,41691.09,1306.66175,0
2023-12-30 15:30:00,41691.1,41818.49,41678.07,41807.05,915.51897,0
2023-12-30 16:30:00,41807.04,41965.51,41807.04,41893.96,856.41564,-1
2023-12-30 17:30:00,41893.96,42104.7,41882.71,41990.3,1042.66092,0
2023-12-30 18:30:00,41990.31,42050.0,41886.43,42029.35,865.65913,0
2023-12-30 19:30:00,42029.35,42300.0,42029.35,42244.12,1348.10756,0
2023-12-30 20:30:00,42244.11,42430.0,42183.09,42374.96,1295.1733,0
2023-12-30 21:30:00,42374.97,42606.0,42371.11,42406.97,1912.93161,0
2023-12-30 22:30:00,42406.97,42612.32,42247.44,42489.0,1819.57741,0
2023-12-30 23:30:00,42489.0,42515.26,42329.62,42411.11,790.86675,0
2023-12-31 00:30:00,42411.11,42455.46,42339.24,42361.13,741.06264,0
2023-12-31 01:30:00,42361.13,42399.25,42199.98,42283.95,797.19382,1
2023-12-31 02:30:00,42283.95,42329.77,42223.99,42305.08,754.6131,0
2023-12-31 03:30:00,42305.08,42308.69,42079.97,42132.73,602.38923,0
2023-12-31 04:30:00,42132.73,42295.61,42102.88,42140.28,675.79157,0
2023-12-31 05:30:00,42140.29,42429.64,42140.28,42367.87,977.77799,-1
2023-12-31 06:30:00,42367.87,42433.49,42156.59,42170.63,710.69673,1
2023-12-31 07:30:00,42170.62,42237.11,41965.84,42084.48,874.54597,0
2023-12-31 08:30:00,42084.48,42186.03,42026.0,42176.0,581.51386,0
2023-12-31 09:30:00,42175.99,42325.66,42156.09,42226.29,637.99789,-1
2023-12-31 10:30:00,42226.29,42316.0,42194.65,42198.0,528.85508,0
2023-12-31 11:30:00,42198.0,42283.9,42192.0,42252.68,387.20831,0
2023-12-31 12:30:00,42252.67,42693.0,42252.67,42537.1,2361.046,0
2023-12-31 13:30:00,42537.1,42575.16,42369.15,42480.79,808.46032,0
2023-12-31 14:30:00,42480.79,42899.0,42441.48,42746.54,2101.76565,0
2023-12-31 15:30:00,42746.53,42779.29,42617.87,42659.42,1048.94265,0
2023-12-31 16:30:00,42659.42,42684.0,42506.0,42518.36,666.95236,0
2023-12-31 17:30:00,42518.36,42646.27,42352.76,42428.48,1063.08044,1
2023-12-31 18:30:00,42428.48,42538.88,42378.01,42458.58,855.87684,0
2023-12-31 19:30:00,42458.58,42542.85,42409.07,42526.96,648.27225,0
2023-12-31 20:30:00,42526.97,42595.01,42361.1,42457.17,836.42223,0
2023-12-31 21:30:00,42457.17,42700.0,42436.47,42592.47,862.82783,-1
2023-12-31 22:30:00,42592.47,42659.52,42472.5,42616.23,786.80901,0
2023-12-31 23:30:00,42616.24,42719.8,42538.37,42656.7,682.99691,0
2024-01-01 00:30:00,42656.69,42695.44,42586.91,42619.04,703.55791,0
2024-01-01 01:30:00,42619.04,42680.36,42504.56,42558.01,1015.14035,1
2024-01-01 02:30:00,42558.02,42670.44,42520.72,42520.72,923.43813,0
2024-01-01 03:30:00,42520.73,42591.1,42056.0,42257.88,1811.59411,0
2024-01-01 04:30:00,42257.89,42345.65,42066.0,42283.58,1710.13721,0
2024-01-01 05:30:00,42283.58,42554.57,42261.02,42475.23,1271.68108,0
2024-01-01 06:30:00,42475.23,42775.0,42431.65,42613.56,1196.37856,-1
2024-01-01 07:30:00,42613.57,42638.41,42500.0,42581.1,685.2198,0
2024-01-01 08:30:00,42581.09,42586.64,42230.08,42330.49,794.80391,1
2024-01-01 09:30:00,42330.5,42399.99,42209.46,42399.99,715.4176,0
2024-01-01 10:30:00,42399.98,42406.0,42180.77,42234.01,736.53152,0
2024-01-01 11:30:00,42234.01,42424.82,42208.68,42396.69,601.3725,0
2024-01-01 12:30:00,42396.69,42500.0,42396.68,42492.46,653.67718,-1
2024-01-01 13:30:00,42492.46,42556.5,42452.58,42549.99,427.19365,0
2024-01-01 14:30:00,42550.0,42699.32,42537.18,42649.69,879.62491,0
2024-01-01 15:30:00,42649.69,42749.36,42628.0,42691.1,856.81851,0
2024-01-01 16:30:00,42691.1,42762.39,42605.21,42690.2,785.16567,0
2024-01-01 17:30:00,42690.21,42780.0,42611.45,42648.38,785.52851,0
2024-01-01 18:30:00,42648.37,42748.0,42612.76,42715.54,497.2024,0
2024-01-01 19:30:00,42715.54,42715.55,42580.0,42612.24,711.01152,1
2024-01-01 20:30:00,42612.24,42847.07,42586.51,42783.05,942.70163,-1
2024-01-01 21:30:00,42783.05,42856.0,42664.42,42725.15,918.71056,0
2024-01-01 22:30:00,42725.15,42824.9,42704.42,42812.7,677.33678,0
2024-01-01 23:30:00,42812.71,43208.86,42812.7,43111.1,2143.30897,0
2024-01-02 00:30:00,43111.1,43550.0,43103.64,43517.99,1947.61533,0
2024-01-02 01:30:00,43517.98,43829.99,43510.71,43687.86,2905.07295,0
2024-01-02 02:30:00,43687.85,43792.59,43480.76,43619.21,1541.59126,0
2024-01-02 03:30:00,43619.22,43661.1,43361.6,43529.93,1024.36372,0
2024-01-02 04:30:00,43529.94,44184.1,43529.93,44179.55,3475.97051,0
2024-01-02 05:30:00,44179.55,45200.0,44148.34,45056.0,6986.25967,0
2024-01-02 06:30:00,45056.0,45372.79,44686.0,44855.96,4397.86376,0
2024-01-02 07:30:00,44855.96,45381.42,44855.95,45378.96,3016.04235,0
2024-01-02 08:30:00,45378.96,45500.0,45131.1,45402.38,2693.12081,0
2024-01-02 09:30:00,45402.38,45468.99,45170.0,45179.8,2268.27572,0
2024-01-02 10:30:00,45179.8,45324.72,45121.96,45179.48,1617.2842,0
2024-01-02 11:30:00,45179.48,45308.15,45130.0,45168.75,1390.33832,1
2024-01-02 12:30:00,45168.75,45643.75,45168.74,45455.53,3112.52478,-1
2024-01-02 13:30:00,45455.52,45852.93,45326.6,45759.3,3323.21707,0
2024-01-02 14:30:00,45759.3,45879.63,45631.1,45673.48,2096.46195,0
2024-01-02 15:30:00,45673.48,45711.1,45431.52,45584.99,2069.22249,0
2024-01-02 16:30:00,45585.0,45698.67,45200.0,45433.99,2538.49307,1
2024-01-02 17:30:00,45433.99,45589.68,45271.04,45301.99,2128.11147,0
2024-01-02 18:30:00,45302.0,45705.8,45264.39,45637.93,2253.76868,-1
2024-01-02 19:30:00,45637.92,45800.0,44970.0,45258.73,4553.21243,1
2024-01-02 20:30:00,45258.73,45349.98,44833.33,45184.82,4301.03657,0
2024-01-02 21:30:00,45184.83,45399.84,44890.11,45357.84,3052.23783,0
2024-01-02 22:30:00,45357.84,45382.08,44950.48,44966.15,2540.00308,0
2024-01-02 23:30:00,44966.16,45271.2,44944.0,45154.69,1806.0773,0
2024-01-03 00:30:00,45154.7,45243.0,44790.96,45039.49,2347.28624,0
2024-01-03 01:30:00,45039.49,45180.55,44742.96,44788.28,1940.02489,0
2024-01-03 02:30:00,44788.27,45119.76,44600.0,45119.74,2043.74183,-1
2024-01-03 03:30:00,45119.74,45297.26,44840.01,44981.73,1591.57491,1
2024-01-03 04:30:00,44981.72,45049.98,44802.01,44946.91,1080.22719,0
2024-01-03 05:30:00,44946.91,45212.57,44862.11,45135.61,1410.31904,-1
2024-01-03 06:30:00,45135.61,45329.83,45102.72,45317.58,1166.18095,0
2024-01-03 07:30:00,45317.58,45410.91,45211.73,45274.57,1434.81631,0
2024-01-03 08:30:00,45274.57,45310.0,45151.91,45262.69,739.36966,0
2024-01-03 09:30:00,45262.7,45272.16,45115.59,45183.45,796.786,0
2024-01-03 10:30:00,45183.45,45294.11,45118.91,45172.13,849.38832,1
2024-01-03 11:30:00,45172.12,45363.19,45160.0,45326.93,1264.55564,-1
2024-01-03 12:30:00,45326.92,45384.84,44940.93,45011.77,1780.38521,1
2024-01-03 13:30:00,45011.77,45200.0,45001.1,45200.0,1462.95207,0
2024-01-03 14:30:00,45200.0,45500.0,45185.39,45344.67,2006.28796,-1
2024-01-03 15:30:00,45344.66,45398.37,45045.95,45151.91,1918.59612,1
2024-01-03 16:30:00,45151.91,45174.07,43500.0,43702.88,7849.69163,0
2024-01-03 17:30:00,43702.89,43716.0,40750.0,42789.38,20155.46959,0
2024-01-03 18:30:00,42789.39,42820.92,42310.0,42529.4,5587.0456,0
2024-01-03 19:30:00,42529.4,42532.0,42050.0,42179.99,4566.2886,0
2024-01-03 20:30:00,42180.0,43009.02,42175.14,43000.01,5175.34831,0
2024-01-03 21:30:00,43000.01,43567.92,42773.34,42992.67,6973.81609,0
2024-01-03 22:30:00,42992.68,43034.59,42600.0,42906.0,2945.17641,0
2024-01-03 23:30:00,42906.0,43050.0,42000.0,42255.72,3314.04996,1
2024-01-04 00:30:00,42255.72,43011.1,42161.1,42596.67,3662.29946,0
2024-01-04 01:30:00,42596.66,42846.17,42518.7,42721.02,1931.53987,-1
2024-01-04 02:30:00,42721.02,42966.27,42581.1,42917.62,1692.53055,0
2024-01-04 03:30:00,42917.61,42941.1,42596.24,42749.68,1385.88591,0
2024-01-04 04:30:00,42749.69,42845.23,42591.09,42845.23,1125.77247,0
2024-01-04 05:30:00,42845.23,42983.77,42754.0,42874.01,1619.84247,0
2024-01-04 06:30:00,42874.0,42936.79,42613.77,42708.01,1337.96527,1
2024-01-04 07:30:00,42708.01,43219.36,42690.02,43138.49,1256.1727,-1
2024-01-04 08:30:00,43138.5,43220.56,43002.15,43102.8,1274.15811,0
2024-01-04 09:30:00,43102.79,43200.0,42955.5,43149.99,1080.01392,0
2024-01-04 10:30:00,43149.99,43273.08,43072.7,43183.74,971.30246,0
2024-01-04 11:30:00,43183.74,43232.95,43086.59,43155.46,989.98669,0
2024-01-04 12:30:00,43155.46,43261.64,42756.97,42763.08,2402.09322,1
2024-01-04 13:30:00,42763.08,42975.38,42699.83,42849.66,1650.32861,0
2024-01-04 14:30:00,42849.67,43084.38,42849.66,43007.74,1411.97913,0
2024-01-04 15:30:00,43007.73,43100.0,42616.28,43073.26,2250.33233,-1
2024-01-04 16:30:00,43073.26,43233.81,42927.33,43176.32,1433.76942,0
2024-01-04 17:30:00,43176.33,43423.95,43097.06,43378.12,2238.88425,0
2024-01-04 18:30:00,43378.11,43484.84,43167.27,43346.68,1658.84054,0
2024-01-04 19:30:00,43346.67,43753.15,43250.0,43676.07,2649.8067,0
2024-01-04 20:30:00,43676.07,44329.99,43608.0,44051.1,5051.47874,0
2024-01-04 21:30:00,44051.1,44134.8,43777.86,43915.71,2764.45038,0
2024-01-04 22:30:00,43915.7,44225.75,43827.69,43990.01,2510.89188,0
2024-01-04 23:30:00,43990.01,44152.09,43881.31,44048.96,1520.18678,0
2024-01-05 00:30:00,44048.95,44437.5,43910.01,43956.48,2603.99272,0
2024-01-05 01:30:00,43956.48,44690.0,43890.9,44113.68,3043.38975,0
2024-01-05 02:30:00,44113.68,44589.04,44113.67,44430.86,2538.90479,0
2024-01-05 03:30:00,44430.86,44729.58,44150.64,44318.0,2470.81905,0
2024-01-05 04:30:00,44318.01,44355.22,44050.0,44151.1,1308.47343,0
2024-01-05 05:30:00,44151.1,44248.47,43950.84,44211.1,1764.77429,0
2024-01-05 06:30:00,44211.1,44284.0,42450.0,43376.0,5302.04832,1
2024-01-05 07:30:00,43376.0,43972.86,43302.0,43506.0,3111.00846,0
2024-01-05 08:30:00,43506.01,43770.0,43409.79,43465.21,1543.67157,0
2024-01-05 09:30:00,43465.21,43629.99,43187.89,43589.88,1790.05634,0
2024-01-05 10:30:00,43589.87,43723.13,43507.48,43644.15,947.34888,0
2024-01-05 11:30:00,43644.16,43926.0,43578.08,43844.82,1112.36781,-1
2024-01-05 12:30:00,43845.08,43926.0,43715.93,43777.47,1099.83728,0
2024-01-05 13:30:00,43777.48,43947.99,43771.1,43911.44,989.5563,0
2024-01-05 14:30:00,43911.44,44324.8,43911.44,44147.21,2628.68996,0
2024-01-05 15:30:00,44147.22,44157.03,43433.0,43628.18,1876.88721,1
2024-01-05 16:30:00,43628.19,43916.8,43605.36,43771.34,1560.50376,0
2024-01-05 17:30:00,43771.34,44110.07,43616.0,43882.52,1865.99113,-1
2024-01-05 18:30:00,43882.52,44096.49,43721.06,43986.01,1994.26258,0
2024-01-05 19:30:00,43986.01,44062.36,43100.0,43486.04,3583.28008,1
2024-01-05 20:30:00,43488.21,43801.1,43355.54,43500.01,2600.74661,0
2024-01-05 21:30:00,43500.01,43592.64,43220.0,43225.99,2401.19219,0
2024-01-05 22:30:00,43225.99,43627.57,43100.46,43609.53,2540.97502,0
2024-01-05 23:30:00,43609.52,43690.12,43418.0,43610.07,1274.08655,0
2024-01-06 00:30:00,43610.08,43808.07,43520.15,43600.0,1243.82237,0
2024-01-06 01:30:00,43600.0,44357.46,43599.99,43955.07,2500.69771,-1
2024-01-06 02:30:00,43955.07,43971.1,43580.51,43946.26,1609.24913,0
2024-01-06 03:30:00,43946.26,44048.64,43764.42,43967.44,1024.55085,0
2024-01-06 04:30:00,43967.44,44318.61,43967.44,44145.11,1709.64887,0
2024-01-06 05:30:00,44145.12,44214.42,43975.0,44068.8,879.60338,0
2024-01-06 06:30:00,44068.79,44094.4,43906.19,43970.64,857.49986,0
2024-01-06 07:30:00,43970.65,44009.24,43823.06,43909.31,718.07637,1
2024-01-06 08:30:00,43909.31,44018.57,43812.5,43931.1,668.28232,0
2024-01-06 09:30:00,43931.1,43971.1,43832.0,43850.0,422.35739,0
2024-01-06 10:30:00,43850.01,43871.1,43588.0,43698.72,1174.66016,0
2024-01-06 11:30:00,43698.72,43700.34,43425.0,43454.7,1659.55792,0
2024-01-06 12:30:00,43454.7,43668.02,43397.05,43653.2,986.22209,0
2024-01-06 13:30:00,43653.2,43744.37,43551.28,43692.33,813.66676,0
2024-01-06 14:30:00,43692.33,43756.0,43636.7,43651.9,562.07964,0
2024-01-06 15:30:00,43651.9,43771.1,43584.0,43694.48,677.68295,-1
2024-01-06 16:30:00,43694.47,43705.23,43616.02,43671.96,396.12062,0
2024-01-06 17:30:00,43671.97,43750.0,43527.27,43607.96,531.76575,1
2024-01-06 18:30:00,43607.95,43740.27,43542.0,43704.07,473.0935,-1
2024-01-06 19:30:00,43704.08,43920.08,43703.41,43828.21,998.40603,0
2024-01-06 20:30:00,43828.2,43898.0,43791.1,43867.17,606.8731,0
2024-01-06 21:30:00,43867.17,43978.78,43828.5,43872.34,762.52286,0
2024-01-06 22:30:00,43872.35,44000.0,43842.97,43963.72,618.69382,0
2024-01-06 23:30:00,43963.73,44148.58,43884.04,43995.89,883.24997,0
2024-01-07 00:30:00,43995.89,44017.46,43830.88,43906.36,706.77767,0
2024-01-07 01:30:00,43906.35,43961.33,43611.19,43826.44,727.31918,1
2024-01-07 02:30:00,43826.45,43935.21,43723.76,43889.43,583.21345,0
2024-01-07 03:30:00,43889.43,43928.0,43740.0,43878.61,480.5904,0
2024-01-07 04:30:00,43878.62,43980.0,43732.5,43968.32,646.74625,-1
2024-01-07 05:30:00,43968.32,44259.29,43915.56,44119.11,1359.49776,0
2024-01-07 06:30:00,44119.11,44160.0,43963.89,43967.72,668.136,0
2024-01-07 07:30:00,43967.71,44089.1,43833.4,43930.28,741.95675,1
2024-01-07 08:30:00,43930.28,44034.92,43904.18,43940.41,627.84726,0
2024-01-07 09:30:00,43940.41,44035.9,43885.24,44000.0,545.34387,-1
2024-01-07 10:30:00,44000.01,44067.84,43843.52,43885.47,519.68969,1
2024-01-07 11:30:00,43885.48,44088.01,43858.0,44022.0,705.67701,-1
2024-01-07 12:30:00,44021.99,44100.0,43991.1,44080.0,576.4073,0
2024-01-07 13:30:00,44080.0,44167.81,44000.0,44017.99,866.45352,0
2024-01-07 14:30:00,44018.0,44065.0,43880.65,43938.9,745.22164,1
2024-01-07 15:30:00,43938.9,43996.0,43906.91,43960.0,673.28346,0
2024-01-07 16:30:00,43960.0,44118.19,43959.1,44061.1,738.77639,-1
2024-01-07 17:30:00,44061.1,44139.43,43969.62,44088.63,637.81941,0
2024-01-07 18:30:00,44088.63,44449.98,44082.66,44409.31,2234.29499,0
2024-01-07 19:30:00,44409.31,44480.59,44277.12,44402.0,1427.92526,0
2024-01-07 20:30:00,44402.0,44431.1,43945.15,44047.57,1672.94945,1
2024-01-07 21:30:00,44047.57,44185.0,43857.14,43922.0,1260.33931,0
2024-01-07 22:30:00,43922.0,44110.15,43700.0,44064.84,1223.59528,0
2024-01-07 23:30:00,44064.83,44176.04,44035.25,44106.11,546.77236,0
2024-01-08 00:30:00,44106.11,44262.53,44041.27,44244.77,560.18451,-1
2024-01-08 01:30:00,44244.77,44269.92,44120.0,44120.01,527.84094,1
2024-01-08 02:30:00,44120.01,44249.0,44110.45,44231.53,551.38125,-1
2024-01-08 03:30:00,44231.53,44231.54,43778.13,43862.85,1399.67049,1
2024-01-08 04:30:00,43862.85,44024.99,43572.09,43929.02,2212.7869,0
2024-01-08 05:30:00,43929.01,43986.0,43625.18,43632.0,1712.48374,0
2024-01-08 06:30:00,43632.0,43809.18,43610.25,43713.06,1111.57206,0
2024-01-08 07:30:00,43713.07,43800.07,43175.0,43371.09,2425.01013,0
2024-01-08 08:30:00,43371.09,43568.85,43225.0,43518.2,2122.92505,0
2024-01-08 09:30:00,43518.2,43610.68,43430.79,43599.26,1115.01613,0
2024-01-08 10:30:00,43599.26,43650.0,43475.0,43641.74,1134.27526,-1
2024-01-08 11:30:00,43641.74,44341.8,43584.87,43912.87,3381.02051,0
2024-01-08 12:30:00,43912.88,44074.99,43784.86,43974.55,1527.12031,0
2024-01-08 13:30:00,43974.55,44069.41,43851.1,43868.53,829.24271,0
2024-01-08 14:30:00,43868.53,43920.14,43641.73,43720.46,1124.68124,1
2024-01-08 15:30:00,43720.45,44128.19,43689.26,44088.85,1256.15965,-1
2024-01-08 16:30:00,44088.86,44688.0,43950.0,44635.99,3426.18407,0
2024-01-08 17:30:00,44636.0,45200.0,44350.0,45111.09,7517.5607,0
2024-01-08 18:30:00,45111.1,45179.14,44807.56,44911.58,3323.31376,0
2024-01-08 19:30:00,44911.58,45090.0,44724.37,44783.91,2288.27888,0
2024-01-08 20:30:00,44783.9,45333.0,44667.22,44963.04,4083.38544,0
2024-01-08 21:30:00,44963.04,45171.42,44793.97,44940.3,2531.38293,0
2024-01-08 22:30:00,44940.31,45668.88,44903.86,45648.0,4294.58934,0
2024-01-08 23:30:00,45648.01,46995.0,45648.0,46970.01,10702.46628,0
2024-01-09 00:30:00,46970.02,47248.99,46540.01,46979.35,6934.53877,0
2024-01-09 01:30:00,46979.36,47143.15,46709.92,46774.01,3446.6373,0
2024-01-09 02:30:00,46774.01,47207.16,46653.84,47071.41,2789.04666,0
2024-01-09 03:30:00,47071.41,47120.0,46799.18,46999.99,1797.3167,0
2024-01-09 04:30:00,47000.0,47100.0,46833.88,46951.04,1940.36827,0
2024-01-09 05:30:00,46951.04,47150.0,46230.0,46668.88,4454.55224,1
2024-01-09 06:30:00,46668.87,46786.83,46288.0,46556.62,2579.21111,0
2024-01-09 07:30:00,46556.62,46785.22,46483.83,46779.81,1420.86767,0
2024-01-09 08:30:00,46779.82,46974.42,46750.92,46926.96,1647.49829,-1
2024-01-09 09:30:00,46926.96,46940.0,46670.91,46803.54,1286.08627,1
2024-01-09 10:30:00,46803.54,46858.0,46599.43,46714.67,1293.90068,0
2024-01-09 11:30:00,46714.66,46838.4,46665.84,46788.01,911.5216,-1
2024-01-09 12:30:00,46788.02,46931.7,46735.18,46825.51,1215.90126,0
2024-01-09 13:30:00,46825.52,46874.94,46510.0,46544.65,1331.10707,1
2024-01-09 14:30:00,46544.65,46694.61,46407.9,46491.99,1571.60244,0
2024-01-09 15:30:00,46491.99,46680.0,46381.1,46441.89,1685.90791,0
2024-01-09 16:30:00,46441.88,46644.0,46426.2,46615.99,1430.21749,0
2024-01-09 17:30:00,46616.0,47000.0,45450.0,46166.35,4416.37703,0
2024-01-09 18:30:00,46166.36,47051.21,46055.51,46834.0,5041.75722,-1
2024-01-09 19:30:00,46834.01,47007.83,46498.93,46561.1,2999.84714,0
2024-01-09 20:30:00,46561.11,47010.0,46429.31,46868.09,3353.84219,0
2024-01-09 21:30:00,46868.08,46975.0,46719.69,46902.88,1950.39781,0
2024-01-09 22:30:00,46902.89,46919.99,46632.01,46715.99,1744.55384,0
2024-01-09 23:30:00,46716.0,46731.1,46500.0,46640.5,2182.23673,1
2024-01-10 00:30:00,46640.5,46890.0,46573.92,46876.01,1433.29461,-1
2024-01-10 01:30:00,46876.0,46930.74,46591.6,46642.54,1427.66813,1
2024-01-10 02:30:00,46642.53,47972.0,44748.67,45439.44,17027.62509,0
2024-01-10 03:30:00,45439.44,46261.09,45295.19,46254.0,4757.30303,0
2024-01-10 04:30:00,46254.0,46254.01,45924.0,46110.0,2764.38932,0
2024-01-10 05:30:00,46110.0,46249.14,45788.85,45856.42,2839.97544,0
2024-01-10 06:30:00,45856.41,45960.0,45622.0,45929.3,2013.31088,0
2024-01-10 07:30:00,45929.3,46082.87,45882.41,45971.09,1108.50161,0
2024-01-10 08:30:00,45971.1,46211.95,45922.86,46117.1,1002.73836,-1
2024-01-10 09:30:00,46117.1,46186.0,45944.82,45960.98,1131.61113,1
2024-01-10 10:30:00,45960.97,46027.08,45890.58,45975.99,1082.47607,0
2024-01-10 11:30:00,45975.99,46065.85,45875.28,46006.0,847.24073,-1
2024-01-10 12:30:00,46006.0,46023.4,45734.56,45757.98,1379.97341,1
2024-01-10 13:30:00,45757.98,45861.1,45320.53,45329.94,2517.14697,0
2024-01-10 14:30:00,45329.94,45700.0,45321.99,45661.42,2388.37211,0
2024-01-10 15:30:00,45661.43,45731.1,45532.0,45532.0,1101.89012,0
2024-01-10 16:30:00,45532.01,45659.42,45000.0,45515.89,2363.70366,0
2024-01-10 17:30:00,45515.88,45662.01,44363.93,44670.53,5540.87031,0
2024-01-10 18:30:00,44670.54,45393.99,44300.36,45118.01,4518.06082,0
2024-01-10 19:30:00,45118.0,45404.89,44820.35,44884.0,3293.59955,0
2024-01-10 20:30:00,44884.01,45630.7,44800.0,45546.4,4166.8193,-1
2024-01-10 21:30:00,45546.39,45708.31,45173.97,45311.1,3383.80525,0
2024-01-10 22:30:00,45311.09,46449.0,45227.01,46401.89,5565.30304,0
2024-01-10 23:30:00,46401.88,46633.86,45840.0,46527.33,4249.44238,0
2024-01-11 00:30:00,46527.32,46666.0,46043.69,46489.18,4609.96145,0
2024-01-11 01:30:00,46489.19,46504.92,44800.0,46127.0,10674.42987,0
2024-01-11 02:30:00,46127.0,46301.04,45080.0,45946.0,8142.82709,1
2024-01-11 03:30:00,45946.0,46948.98,45760.45,46902.69,6635.62295,-1
2024-01-11 04:30:00,46902.69,47695.93,46381.86,46653.99,9353.72953,0
2024-01-11 05:30:00,46654.0,46721.37,46296.46,46670.01,2859.39936,0
2024-01-11 06:30:00,46670.01,46750.0,46468.33,46506.94,1772.5933,0
2024-01-11 07:30:00,46506.93,46622.39,46500.0,46559.0,1242.76928,0
2024-01-11 08:30:00,46559.0,46590.81,46200.0,46502.16,2090.15306,1
2024-01-11 09:30:00,46502.17,46507.08,46304.96,46400.01,1666.06111,0
2024-01-11 10:30:00,46400.01,46417.33,45896.23,46070.0,2132.23648,0
2024-01-11 11:30:00,46070.0,46091.53,45618.1,45907.3,2234.87531,0
2024-01-11 12:30:00,45907.29,46166.99,45881.1,46101.4,1518.70045,0
2024-01-11 13:30:00,46101.4,46318.1,46052.0,46277.0,1468.58251,-1
2024-01-11 14:30:00,46277.0,46354.0,46211.94,46220.12,1341.13559,0
2024-01-11 15:30:00,46220.12,46860.0,46210.0,46859.91,2559.25355,0
2024-01-11 16:30:00,46859.9,47150.0,46705.97,47060.0,3169.51389,0
2024-01-11 17:30:00,47059.99,47464.87,46941.1,47449.63,3177.46648,0
2024-01-11 18:30:00,47449.64,47449.64,46762.86,47325.2,4404.70297,0
2024-01-11 19:30:00,47325.21,48969.48,47215.0,48571.22,15868.93224,0
2024-01-11 20:30:00,48571.21,48657.98,46463.19,46783.78,12867.70365,1
2024-01-11 21:30:00,46783.77,47022.07,45788.0,46007.29,9918.42093,0
2024-01-11 22:30:00,46007.29,46550.0,45606.06,46497.14,4932.85516,0
2024-01-11 23:30:00,46497.14,46644.72,46259.09,46609.99,2426.83408,0
2024-01-12 00:30:00,46610.0,46735.29,46283.14,46692.3,1894.15573,0
2024-01-12 01:30:00,46692.29,46975.0,46120.0,46241.92,4521.03099,0
2024-01-12 02:30:00,46241.91,46450.0,46120.03,46156.01,1507.69927,0
2024-01-12 03:30:00,46156.0,46430.21,46084.69,46399.99,968.31728,-1
2024-01-12 04:30:00,46399.99,46491.93,46296.37,46339.16,926.93693,1
2024-01-12 05:30:00,46339.16,46515.53,46012.8,46293.43,1773.38738,0
2024-01-12 06:30:00,46293.42,46327.81,45898.0,46135.48,1400.91048,0
2024-01-12 07:30:00,46135.48,46250.0,45996.01,46144.01,998.84335,0
2024-01-12 08:30:00,46144.01,46184.57,45922.01,45994.0,1204.2988,0
2024-01-12 09:30:00,45994.01,46110.0,45858.0,45956.34,1377.83064,0
2024-01-12 10:30:00,45956.34,46209.98,45898.0,46194.01,1141.56622,-1
2024-01-12 11:30:00,46194.01,46366.0,46100.82,46100.85,1062.83821,1
2024-01-12 12:30:00,46100.85,46144.45,45742.49,46008.19,2184.03364,0
2024-01-12 13:30:00,46008.19,46008.19,45632.0,45860.01,1397.30176,0
2024-01-12 14:30:00,45860.0,46076.34,45537.37,45925.92,2131.76464,0
2024-01-12 15:30:00,45925.93,46133.33,45841.1,46063.62,1532.73873,-1
2024-01-12 16:30:00,46063.62,46267.0,45941.61,45954.35,1976.90053,1
2024-01-12 17:30:00,45954.35,46109.0,45667.47,45866.56,1852.17109,0
2024-01-12 18:30:00,45866.57,45944.12,45573.44,45779.02,2155.66091,0
2024-01-12 19:30:00,45779.02,45904.66,45250.01,45442.02,5702.97549,0
2024-01-12 20:30:00,45442.01,45459.28,44333.44,44462.01,9485.40906,0
2024-01-12 21:30:00,44462.0,44675.88,43212.0,43624.0,12653.69131,0
2024-01-12 22:30:00,43623.99,43836.88,43278.0,43803.99,6405.60756,0
2024-01-12 23:30:00,43803.98,43925.23,43250.0,43472.0,4482.59182,0
2024-01-13 00:30:00,43472.0,43720.0,43274.68,43472.55,2846.14963,0
2024-01-13 01:30:00,43472.56,43981.1,43401.64,43653.38,4898.5452,0
2024-01-13 02:30:00,43653.39,43861.1,43213.73,43449.0,3001.91979,0
2024-01-13 03:30:00,43450.01,43458.0,41500.0,42510.0,10954.10629,0
2024-01-13 04:30:00,42509.99,42958.0,42481.1,42782.73,3706.69454,0
2024-01-13 05:30:00,42782.74,42997.29,42766.45,42801.76,2784.58772,0
2024-01-13 06:30:00,42801.76,42891.09,42514.89,42673.83,3059.07599,0
2024-01-13 07:30:00,42673.83,42853.75,42525.16,42530.0,2279.56144,0
2024-01-13 08:30:00,42530.0,42682.0,42436.12,42609.94,1822.30914,0
2024-01-13 09:30:00,42609.94,42850.0,42555.84,42840.01,1425.89376,-1
2024-01-13 10:30:00,42840.02,43138.0,42769.63,43101.09,1760.17482,0
2024-01-13 11:30:00,43101.09,43185.0,42950.64,43149.99,1692.14955,0
2024-01-13 12:30:00,43149.99,43254.03,43064.83,43102.97,1359.60409,0
2024-01-13 13:30:00,43102.97,43254.96,43063.72,43170.01,1167.90273,0
2024-01-13 14:30:00,43170.01,43193.46,42819.31,42923.21,1671.71121,1
2024-01-13 15:30:00,42923.2,42923.21,42627.63,42700.12,2039.14575,0
2024-01-13 16:30:00,42700.13,42801.09,42509.11,42624.0,2083.54075,0
2024-01-13 17:30:00,42624.01,42753.56,42505.0,42684.88,1343.63876,0
2024-01-13 18:30:00,42684.88,42791.1,42601.1,42739.14,1075.91091,0
2024-01-13 19:30:00,42739.15,42961.1,42640.01,42856.92,1828.24882,-1
2024-01-13 20:30:00,42856.92,43257.0,42856.1,43154.48,1815.55776,0
2024-01-13 21:30:00,43154.48,43185.0,42780.71,42895.41,1641.70519,0
2024-01-13 22:30:00,42895.41,42988.0,42769.38,42898.33,1001.47905,0
2024-01-13 23:30:00,42898.95,42904.0,42724.39,42806.01,738.81709,1
2024-01-14 00:30:00,42806.0,42996.64,42782.0,42786.25,799.84192,0
2024-01-14 01:30:00,42786.25,42923.03,42699.52,42870.0,872.06655,0
2024-01-14 02:30:00,42870.0,42976.15,42818.0,42963.44,640.52376,-1
2024-01-14 03:30:00,42963.45,43040.01,42886.0,42990.65,613.97101,0
2024-01-14 04:30:00,42990.65,42996.08,42800.3,42847.99,601.05687,1
2024-01-14 05:30:00,42847.99,42890.23,42664.0,42687.36,927.44774,0
2024-01-14 06:30:00,42687.36,42839.86,42676.88,42769.19,615.7996,0
2024-01-14 07:30:00,42769.18,42829.33,42657.58,42779.06,520.14094,0
2024-01-14 08:30:00,42779.07,42804.78,42643.98,42681.82,705.78485,0
2024-01-14 09:30:00,42681.82,42698.99,42562.56,42580.01,691.38369,0
2024-01-14 10:30:00,42580.0,42815.17,42576.26,42749.99,519.82513,-1
2024-01-14 11:30:00,42749.99,42999.0,42749.99,42998.99,864.88904,0
2024-01-14 12:30:00,42999.0,43060.0,42891.12,43011.44,960.65538,0
2024-01-14 13:30:00,43011.44,43030.0,42888.0,42996.25,569.7177,0
2024-01-14 14:30:00,42996.26,43079.0,42818.34,43052.41,775.89013,0
2024-01-14 15:30:00,43052.41,43066.56,42865.9,42889.04,668.92506,1
2024-01-14 16:30:00,42889.04,42938.75,42759.34,42829.99,870.7438,0
2024-01-14 17:30:00,42829.99,42847.2,42710.0,42758.0,992.57492,0
2024-01-14 18:30:00,42757.99,42921.1,42735.75,42891.69,622.71029,0
2024-01-14 19:30:00,42891.68,43005.25,42790.0,42811.99,1144.92876,0
2024-01-14 20:30:00,42811.99,42967.97,42804.01,42904.38,875.65217,-1
2024-01-14 21:30:00,42904.39,42965.0,42856.72,42929.95,1007.12731,0
2024-01-14 22:30:00,42929.94,43010.84,42877.77,42973.27,941.54492,0
2024-01-14 23:30:00,42973.27,43003.99,42836.0,42900.01,687.2036,0
2024-01-15 00:30:00,42900.01,42930.56,42632.59,42660.0,1388.49237,1
2024-01-15 01:30:00,42660.0,42745.98,42183.68,42507.92,2883.67843,0
2024-01-15 02:30:00,42507.91,42595.41,42000.0,42554.89,3242.00758,0
2024-01-15 03:30:00,42554.89,42649.0,42073.87,42270.99,1609.15241,0
2024-01-15 04:30:00,42271.0,42316.0,41720.0,41732.35,4142.13312,0
2024-01-15 05:30:00,41732.35,42353.94,41718.05,42279.75,2433.52283,0
2024-01-15 06:30:00,42279.76,42398.73,42176.28,42275.18,1404.6404,0
2024-01-15 07:30:00,42275.17,42411.62,42194.12,42399.72,850.09544,-1
2024-01-15 08:30:00,42399.71,42640.0,42389.27,42565.99,1140.03904,0
2024-01-15 09:30:00,42565.99,42634.0,42499.01,42591.77,1090.60435,0
2024-01-15 10:30:00,42591.76,42824.68,42569.73,42739.85,1213.71533,0
2024-01-15 11:30:00,42739.85,42797.06,42612.0,42651.1,985.96635,0
2024-01-15 12:30:00,42651.09,42764.0,42513.14,42714.78,1093.23136,0
2024-01-15 13:30:00,42714.78,42775.0,42641.1,42680.44,1082.69198,0
2024-01-15 14:30:00,42680.43,42762.11,42585.86,42750.88,966.05532,0
2024-01-15 15:30:00,42750.89,42761.1,42540.0,42565.26,916.19805,1
2024-01-15 16:30:00,42565.25,42703.95,42542.0,42697.99,847.5779,-1
2024-01-15 17:30:00,42698.0,42715.99,42570.0,42663.79,1219.39859,1
2024-01-15 18:30:00,42663.79,42958.03,42614.12,42852.54,1610.94481,-1
2024-01-15 19:30:00,42852.55,42868.53,42172.14,42199.0,3628.83988,1
2024-01-15 20:30:00,42199.01,42473.99,42163.32,42278.99,2136.5516,0
2024-01-15 21:30:00,42278.99,42549.0,42249.0,42522.61,1121.26001,0
2024-01-15 22:30:00,42522.6,42779.78,42521.1,42696.58,1280.44041,-1
2024-01-15 23:30:00,42696.57,43400.43,42696.57,43015.82,7891.28853,0
2024-01-16 00:30:00,43015.82,43133.8,42825.84,42992.67,2038.31756,0
2024-01-16 01:30:00,42992.67,43114.45,42850.0,42960.0,1245.90158,0
2024-01-16 02:30:00,42959.99,42960.0,42710.0,42716.0,920.68651,1
2024-01-16 03:30:00,42716.0,42818.31,42342.18,42628.0,1850.23943,0
2024-01-16 04:30:00,42628.0,42639.99,42474.0,42511.1,1301.68577,0
2024-01-16 05:30:00,42511.1,42674.0,42466.88,42600.0,1007.25697,0
2024-01-16 06:30:00,42600.01,42726.97,42555.0,42584.34,875.50468,0
2024-01-16 07:30:00,42584.34,42732.45,42553.96,42710.0,967.07632,-1
2024-01-16 08:30:00,42710.0,42939.5,42702.0,42924.56,1175.44142,0
2024-01-16 09:30:00,42924.57,42946.05,42755.33,42803.19,917.47192,0
2024-01-16 10:30:00,42803.18,42931.33,42768.0,42773.82,814.04215,0
2024-01-16 11:30:00,42773.82,42780.0,42646.89,42741.09,963.99198,0
2024-01-16 12:30:00,42741.1,42791.14,42606.92,42791.13,952.74344,0
2024-01-16 13:30:00,42791.14,43022.0,42720.06,43014.53,1421.99021,0
2024-01-16 14:30:00,43014.53,43153.66,42896.41,42940.01,1762.34779,0
2024-01-16 15:30:00,42940.01,42971.1,42851.45,42872.0,823.26434,0
2024-01-16 16:30:00,42872.01,42945.54,42753.55,42900.54,841.64338,0
2024-01-16 17:30:00,42900.55,43166.0,42857.32,43156.12,1134.71946,0
2024-01-16 18:30:00,43156.11,43174.48,42700.0,42805.83,1752.96929,1
2024-01-16 19:30:00,42805.83,42954.0,42050.0,42690.0,9514.26629,0
2024-01-16 20:30:00,42690.0,43314.73,42543.01,43252.67,5566.03085,-1
2024-01-16 21:30:00,43252.45,43434.0,43011.1,43249.72,3535.61086,0
2024-01-16 22:30:00,43249.72,43249.72,43031.0,43051.74,1495.67672,0
2024-01-16 23:30:00,43051.74,43157.85,42834.29,43013.0,1537.50667,1
2024-01-17 00:30:00,43013.0,43182.56,42949.0,43166.11,1155.16262,-1
2024-01-17 01:30:00,43166.1,43370.11,43060.69,43200.01,2329.86499,0
2024-01-17 02:30:00,43200.01,43578.01,43185.01,43434.71,2305.15993,0
2024-01-17 03:30:00,43434.71,43496.05,43202.0,43206.0,968.43985,0
2024-01-17 04:30:00,43206.0,43286.0,43112.0,43137.95,1227.56376,1
2024-01-17 05:30:00,43137.94,43175.99,43050.01,43092.0,938.65364,0
2024-01-17 06:30:00,43092.0,43198.0,42960.64,42970.0,868.4347,0
2024-01-17 07:30:00,42970.01,43061.1,42918.11,42997.25,1068.4692,0
2024-01-17 08:30:00,42997.26,43025.71,42844.98,42849.0,836.395,0
2024-01-17 09:30:00,42849.0,42921.1,42781.49,42854.01,791.3964,0
2024-01-17 10:30:00,42854.01,42925.49,42765.41,42783.39,661.25196,0
2024-01-17 11:30:00,42783.39,42876.34,42766.0,42806.05,802.28142,0
2024-01-17 12:30:00,42806.05,42851.1,42619.6,42655.94,1357.30632,0
2024-01-17 13:30:00,42655.95,42747.65,42564.0,42728.76,1188.18884,0
2024-01-17 14:30:00,42728.76,42830.0,42674.0,42678.57,938.2664,0
2024-01-17 15:30:00,42678.56,42850.55,42622.36,42850.04,1193.04037,-1
2024-01-17 16:30:00,42850.05,42850.55,42672.95,42680.16,1093.25163,1
2024-01-17 17:30:00,42680.16,42788.0,42411.0,42782.43,2445.67123,-1
2024-01-17 18:30:00,42782.42,42782.43,42518.0,42609.84,1305.63482,1
2024-01-17 19:30:00,42609.83,42926.02,42365.58,42576.01,3407.6999,0
2024-01-17 20:30:00,42576.02,42768.0,42472.85,42482.79,2383.89587,0
2024-01-17 21:30:00,42482.8,42564.13,42250.31,42360.28,2301.05574,0
2024-01-17 22:30:00,42360.29,42470.32,42200.69,42371.1,1419.22346,0
2024-01-17 23:30:00,42371.1,42612.48,42278.98,42612.45,1471.83973,-1
2024-01-18 00:30:00,42612.46,42745.99,42555.22,42611.11,1041.3737,0
2024-01-18 01:30:00,42611.1,42876.48,42559.29,42722.9,2990.71477,0
2024-01-18 02:30:00,42722.9,42822.96,42603.2,42676.13,1125.24713,0
2024-01-18 03:30:00,42676.14,42729.06,42450.0,42722.14,767.12266,0
2024-01-18 04:30:00,42722.13,42792.48,42619.73,42776.1,869.79899,0
2024-01-18 05:30:00,42776.09,42784.4,42617.31,42660.79,877.07281,1
2024-01-18 06:30:00,42660.79,42713.92,42502.19,42584.62,814.27639,0
2024-01-18 07:30:00,42584.61,42721.0,42584.12,42653.82,563.69795,0
2024-01-18 08:30:00,42653.81,42676.75,42550.0,42592.05,522.20522,0
2024-01-18 09:30:00,42592.04,42689.95,42589.0,42665.0,550.151,-1
2024-01-18 10:30:00,42664.99,42784.99,42634.0,42772.87,797.44359,0
2024-01-18 11:30:00,42772.86,42873.25,42759.13,42807.05,817.27204,0
2024-01-18 12:30:00,42807.04,42922.0,42804.0,42915.33,1228.24675,0
2024-01-18 13:30:00,42915.32,42930.0,42724.0,42742.0,870.48171,0
2024-01-18 14:30:00,42742.0,42871.85,42709.61,42743.84,958.8749,0
2024-01-18 15:30:00,42743.85,42779.27,42388.0,42447.66,1548.48202,1
2024-01-18 16:30:00,42447.67,42551.1,42387.68,42544.59,1489.29762,0
2024-01-18 17:30:00,42544.6,42547.39,42353.8,42433.44,1113.60163,0
2024-01-18 18:30:00,42433.45,42657.16,42362.0,42508.0,1491.62445,0
2024-01-18 19:30:00,42508.01,42742.0,42428.37,42738.7,1312.17402,-1
2024-01-18 20:30:00,42738.7,42810.0,42611.1,42619.32,1369.13154,0
2024-01-18 21:30:00,42619.31,42619.32,41736.27,41948.99,4847.44805,1
2024-01-18 22:30:00,41948.99,42178.39,41500.0,41816.71,4035.11879,0
2024-01-18 23:30:00,41816.71,41916.07,41370.0,41508.95,3372.52432,0
2024-01-19 00:30:00,41508.95,41601.52,40831.99,41022.32,5153.56414,0
2024-01-19 01:30:00,41022.33,41315.8,40683.28,40835.6,4564.22596,0
2024-01-19 02:30:00,40835.6,41266.0,40757.85,41124.0,2812.08735,0
2024-01-19 03:30:00,41123.99,41366.99,41076.01,41354.67,1784.04241,0
2024-01-19 04:30:00,41354.67,41361.0,41203.18,41327.5,1014.47175,0
2024-01-19 05:30:00,41327.51,41370.99,41100.0,41290.5,1141.18505,0
2024-01-19 06:30:00,41290.5,41333.46,41122.15,41270.0,1267.99894,0
2024-01-19 07:30:00,41270.01,41303.89,41084.03,41119.44,1095.25472,1
2024-01-19 08:30:00,41119.44,41147.58,40752.26,41055.87,2243.08236,0
2024-01-19 09:30:00,41055.88,41225.0,41038.81,41098.53,893.56087,0
2024-01-19 10:30:00,41098.53,41238.56,41062.72,41210.5,713.83193,-1
2024-01-19 11:30:00,41210.51,41522.41,41194.01,41474.0,1605.55925,0
2024-01-19 12:30:00,41474.01,41576.0,41270.7,41284.25,2039.3522,0
2024-01-19 13:30:00,41284.26,41385.59,41143.33,41289.99,1124.49065,0
2024-01-19 14:30:00,41290.0,41464.34,41248.1,41398.37,1417.81427,0
2024-01-19 15:30:00,41398.37,41489.73,41334.0,41486.06,928.98376,0
2024-01-19 16:30:00,41486.05,41509.69,41368.9,41475.37,961.48242,0
2024-01-19 17:30:00,41475.37,41488.2,41260.21,41337.31,1249.91312,1
2024-01-19 18:30:00,41337.3,41429.86,41268.33,41393.08,1053.49049,-1
2024-01-19 19:30:00,41393.08,41455.0,40841.1,40969.31,3475.38975,1
2024-01-19 20:30:00,40969.31,41156.38,40718.0,40894.71,3482.09452,0
2024-01-19 21:30:00,40894.71,40953.59,40310.0,40395.01,4971.06182,0
2024-01-19 22:30:00,40395.0,41250.0,40280.0,41239.57,4450.92747,-1
2024-01-19 23:30:00,41239.57,41979.0,41006.61,41808.08,4197.78344,0
2024-01-20 00:30:00,41808.08,41929.65,41575.4,41814.27,2480.82816,0
2024-01-20 01:30:00,41814.27,42196.86,41517.6,41620.0,4230.96342,0
2024-01-20 02:30:00,41619.99,41791.7,41552.35,41633.83,1610.94515,0
2024-01-20 03:30:00,41633.83,41735.61,41532.89,41687.1,890.03453,0
2024-01-20 04:30:00,41687.1,41721.1,41613.67,41659.03,816.7173,0
2024-01-20 05:30:00,41659.03,41679.52,41456.3,41482.29,1037.43812,1
2024-01-20 06:30:00,41482.28,41700.0,41482.28,41655.42,792.03395,-1
2024-01-20 07:30:00,41655.42,41662.74,41538.0,41621.23,594.98282,1
2024-01-20 08:30:00,41621.23,41649.61,41524.0,41634.65,561.75741,-1
2024-01-20 09:30:00,41634.64,41659.03,41578.63,41607.2,436.82811,1
2024-01-20 10:30:00,41607.19,41646.46,41564.81,41627.63,453.58365,-1
2024-01-20 11:30:00,41627.62,41698.71,41615.92,41672.02,582.85375,0
2024-01-20 12:30:00,41672.02,41774.0,41644.72,41650.95,638.34351,0
2024-01-20 13:30:00,41650.95,41668.66,41522.38,41590.0,1054.68234,1
2024-01-20 14:30:00,41590.01,41643.06,41459.02,41521.1,735.91109,0
2024-01-20 15:30:00,41521.1,41616.43,41495.81,41543.31,640.825,0
2024-01-20 16:30:00,41543.3,41619.0,41475.69,41580.83,674.93419,0
2024-01-20 17:30:00,41580.82,41700.0,41540.0,41620.01,645.31586,-1
2024-01-20 18:30:00,41620.0,41685.77,41584.68,41633.12,653.88181,0
2024-01-20 19:30:00,41633.11,41646.0,41491.16,41542.99,795.56394,1
2024-01-20 20:30:00,41542.98,41688.53,41478.0,41570.11,813.88059,0
2024-01-20 21:30:00,41570.1,41645.81,41537.84,41563.66,625.85698,0
2024-01-20 22:30:00,41563.66,41625.0,41543.61,41591.11,495.01011,-1
2024-01-20 23:30:00,41591.1,41634.19,41526.36,41606.17,565.6199,0
2024-01-21 00:30:00,41606.16,41684.94,41605.01,41632.96,456.72684,0
2024-01-21 01:30:00,41632.97,41822.99,41617.58,41751.36,829.62416,0
2024-01-21 02:30:00,41751.37,41872.56,41729.9,41733.85,726.76463,0
2024-01-21 03:30:00,41733.85,41819.99,41669.9,41781.53,478.92579,0
2024-01-21 04:30:00,41781.54,41809.87,41610.54,41696.04,632.65038,0
2024-01-21 05:30:00,41696.05,41727.0,41629.87,41645.98,405.51248,1
2024-01-21 06:30:00,41645.98,41722.14,41633.8,41666.82,411.49944,0
2024-01-21 07:30:00,41666.83,41719.36,41652.29,41699.8,406.21108,0
2024-01-21 08:30:00,41699.8,41730.0,41661.74,41680.82,377.67063,0
2024-01-21 09:30:00,41680.83,41685.55,41651.74,41673.41,258.81267,0
2024-01-21 10:30:00,41673.41,41691.11,41628.46,41628.47,305.06196,0
2024-01-21 11:30:00,41628.46,41654.99,41564.29,41597.66,349.76971,0
2024-01-21 12:30:00,41597.66,41669.94,41587.27,41648.51,284.99252,0
2024-01-21 13:30:00,41648.5,41710.0,41648.5,41663.96,423.86113,-1
2024-01-21 14:30:00,41663.96,41747.53,41663.96,41747.53,430.35767,0
2024-01-21 15:30:00,41747.52,41826.97,41709.99,41785.99,717.32999,0
2024-01-21 16:30:00,41786.0,41795.61,41686.0,41719.89,401.3789,0
2024-01-21 17:30:00,41719.9,41821.1,41700.91,41735.99,509.28923,0
2024-01-21 18:30:00,41735.99,41862.02,41735.98,41859.53,691.91268,0
2024-01-21 19:30:00,41859.52,41881.39,41757.25,41787.5,630.51659,0
2024-01-21 20:30:00,41787.49,41860.0,41605.0,41656.28,978.43312,1
2024-01-21 21:30:00,41656.27,41673.06,41525.0,41607.18,791.19285,0
2024-01-21 22:30:00,41607.18,41695.07,41599.39,41678.0,481.67127,0
2024-01-21 23:30:00,41677.99,41729.77,41627.0,41681.09,467.73485,0
2024-01-22 00:30:00,41681.09,41720.0,41635.25,41719.4,360.44499,-1
2024-01-22 01:30:00,41719.39,41772.75,41618.68,41643.91,686.10169,1
2024-01-22 02:30:00,41643.9,41811.1,41620.27,41785.91,419.9635,-1
2024-01-22 03:30:00,41785.9,41785.91,41620.23,41633.39,340.64799,1
2024-01-22 04:30:00,41633.39,41676.78,41500.98,41580.33,599.79607,0
2024-01-22 05:30:00,41580.32,41683.53,41467.58,41657.43,958.2692,0
2024-01-22 06:30:00,41657.43,41689.65,41263.6,41363.37,1980.3783,0
2024-01-22 07:30:00,41363.38,41426.03,41258.1,41317.98,824.53378,0
2024-01-22 08:30:00,41317.97,41343.99,41058.22,41197.04,1431.49598,0
2024-01-22 09:30:00,41197.04,41221.99,40768.0,40786.41,2024.89969,0
2024-01-22 10:30:00,40786.41,41157.23,40684.0,41138.46,2043.09323,0
2024-01-22 11:30:00,41138.47,41321.17,41009.16,41205.99,1603.68724,0
2024-01-22 12:30:00,41205.99,41214.0,40978.63,41043.7,1048.82053,0
2024-01-22 13:30:00,41043.7,41043.71,40761.87,40959.0,1986.47106,0
2024-01-22 14:30:00,40958.99,41047.51,40610.0,40744.85,1725.51154,0
2024-01-22 15:30:00,40744.86,40852.1,40364.63,40703.91,3247.98208,0
2024-01-22 16:30:00,40703.9,40941.09,40670.98,40815.99,1820.31952,0
2024-01-22 17:30:00,40815.92,40922.14,40685.96,40884.97,1281.48051,0
2024-01-22 18:30:00,40884.97,41244.06,40865.6,40943.17,2170.12828,-1
2024-01-22 19:30:00,40943.17,40978.69,40515.9,40694.75,2673.37652,1
2024-01-22 20:30:00,40694.76,40850.0,40350.0,40771.99,3208.29236,0
2024-01-22 21:30:00,40772.0,40874.99,40400.0,40518.6,2429.98915,0
2024-01-22 22:30:00,40518.61,40806.42,40457.95,40708.0,1602.30202,0
2024-01-22 23:30:00,40707.99,40800.01,40119.11,40316.01,3457.46147,0
2024-01-23 00:30:00,40316.0,40570.83,39431.58,39820.31,7927.00782,0
2024-01-23 01:30:00,39820.31,40343.18,39751.14,40181.2,3814.77652,0
2024-01-23 02:30:00,40181.2,40206.34,39845.7,39849.95,2123.7816,0
2024-01-23 03:30:00,39849.95,40088.88,39480.0,39832.8,2201.86927,0
2024-01-23 04:30:00,39832.81,39961.1,39488.12,39568.02,1840.27144,0
2024-01-23 05:30:00,39568.02,39888.0,39511.1,39872.0,1591.36214,0
2024-01-23 06:30:00,39872.0,39912.18,39713.2,39830.71,883.18985,0
2024-01-23 07:30:00,39830.7,40067.99,39810.0,40060.46,1017.58919,-1
2024-01-23 08:30:00,40060.47,40118.87,39979.52,40000.44,954.67378,0
2024-01-23 09:30:00,40000.43,40176.74,40000.43,40065.51,819.53223,0
2024-01-23 10:30:00,40065.5,40129.16,40062.3,40069.34,528.4638,0
2024-01-23 11:30:00,40069.35,40129.12,39960.87,40019.42,810.99682,0
2024-01-23 12:30:00,40019.43,40026.37,39665.02,39780.0,1693.37353,1
2024-01-23 13:30:00,39780.01,39860.0,39328.0,39464.96,2986.78985,0
2024-01-23 14:30:00,39464.97,39492.57,38907.67,38961.39,6604.67363,0
2024-01-23 15:30:00,38961.39,39150.0,38855.12,38917.28,3342.72993,0
2024-01-23 16:30:00,38917.27,39045.56,38657.0,38845.56,3393.58407,0
2024-01-23 17:30:00,38845.56,39088.01,38758.82,39065.67,2870.76139,0
2024-01-23 18:30:00,39065.68,39083.35,38853.39,38864.16,1462.05395,0
2024-01-23 19:30:00,38864.15,38900.0,38555.0,38767.74,4060.57085,0
2024-01-23 20:30:00,38767.75,39460.0,38766.0,39204.0,5829.55514,-1
2024-01-23 21:30:00,39204.0,39374.11,38925.2,39307.59,4118.59618,0
2024-01-23 22:30:00,39307.6,39634.29,39270.0,39398.89,3340.69119,0
2024-01-23 23:30:00,39398.88,39654.34,39092.54,39092.54,2484.66969,1
2024-01-24 00:30:00,39092.55,39287.57,38981.1,39148.07,1755.83945,-1
2024-01-24 01:30:00,39148.07,39365.96,39032.02,39175.06,2123.40651,0
2024-01-24 02:30:00,39175.07,39303.91,39070.0,39223.75,1242.30046,0
2024-01-24 03:30:00,39223.76,39554.7,39201.1,39468.71,1183.11412,0
2024-01-24 04:30:00,39468.71,39907.23,39468.71,39897.6,2858.11576,0
2024-01-24 05:30:00,39897.59,40250.0,39784.34,40179.52,2520.72618,0
2024-01-24 06:30:00,40179.53,40179.53,39757.91,39769.97,2861.66348,0
2024-01-24 07:30:00,39769.98,39895.36,39701.34,39763.49,833.35398,0
2024-01-24 08:30:00,39763.5,39796.71,39570.43,39614.0,1292.50052,1
2024-01-24 09:30:00,39614.0,39747.11,39557.01,39654.38,1290.20825,0
2024-01-24 10:30:00,39654.39,39847.46,39654.38,39798.85,1493.42547,0
2024-01-24 11:30:00,39798.85,39888.0,39661.91,39888.0,1359.63753,-1
2024-01-24 12:30:00,39888.0,40191.97,39821.02,39981.09,2365.65855,0
2024-01-24 13:30:00,39981.09,40137.44,39859.51,39954.53,1325.22092,0
2024-01-24 14:30:00,39954.53,40104.95,39910.38,40024.81,1235.71287,0
2024-01-24 15:30:00,40024.82,40555.0,39985.49,40352.42,2438.24395,0
2024-01-24 16:30:00,40352.42,40373.98,40100.0,40209.34,1433.94563,0
2024-01-24 17:30:00,40209.34,40298.86,39975.78,40029.66,1663.46694,1
2024-01-24 18:30:00,40029.66,40122.83,39885.0,39984.87,1525.73714,0
2024-01-24 19:30:00,39984.87,40222.43,39766.0,39914.01,3051.04305,0
2024-01-24 20:30:00,39914.0,40118.26,39840.0,40050.71,1880.47332,0
2024-01-24 21:30:00,40050.72,40190.61,39923.42,40190.02,1600.34595,-1
2024-01-24 22:30:00,40190.01,40207.0,40047.36,40141.98,1229.58381,0
2024-01-24 23:30:00,40141.98,40150.18,39615.76,39761.11,2000.38477,1
2024-01-25 00:30:00,39761.1,39847.44,39640.58,39803.05,884.85462,0
2024-01-25 01:30:00,39803.04,40000.0,39511.61,39544.4,1926.08163,0
2024-01-25 02:30:00,39544.4,39792.75,39484.19,39792.74,1240.02202,0
2024-01-25 03:30:00,39792.75,39900.0,39754.11,39875.98,596.56918,-1
2024-01-25 04:30:00,39875.98,40175.11,39849.06,40084.88,1244.96885,0
2024-01-25 05:30:00,40084.89,40178.84,40012.0,40170.15,1009.56617,0
2024-01-25 06:30:00,40170.15,40178.62,39925.79,39978.83,1209.84353,0
2024-01-25 07:30:00,39978.84,40065.62,39914.0,39939.84,556.29622,0
2024-01-25 08:30:00,39939.84,40099.87,39931.86,40012.01,708.95318,0
2024-01-25 09:30:00,40012.01,40032.5,39912.0,39956.89,776.13036,1
2024-01-25 10:30:00,39956.88,39965.0,39792.01,39876.47,1073.67047,0
2024-01-25 11:30:00,39876.47,40050.0,39876.46,40035.0,942.6811,-1
2024-01-25 12:30:00,40035.01,40135.37,39985.57,40130.0,855.68848,0
2024-01-25 13:30:00,40130.0,40177.68,40028.01,40080.23,784.23093,0
2024-01-25 14:30:00,40080.23,40130.0,40023.79,40031.54,763.59512,0
2024-01-25 15:30:00,40031.53,40121.0,39957.44,40115.99,1233.34302,0
2024-01-25 16:30:00,40116.0,40300.24,40080.12,40178.07,1842.66754,0
2024-01-25 17:30:00,40178.07,40283.82,39798.68,39859.81,2316.54371,1
2024-01-25 18:30:00,39859.81,39965.03,39731.64,39913.84,1669.62305,0
2024-01-25 19:30:00,39913.84,40090.19,39862.59,40012.94,1760.22455,0
2024-01-25 20:30:00,40012.93,40046.07,39623.4,39804.24,2406.58999,0
2024-01-25 21:30:00,39804.23,39852.2,39666.66,39710.32,1765.66859,0
2024-01-25 22:30:00,39710.33,39844.91,39550.0,39803.16,1771.49832,0
2024-01-25 23:30:00,39803.16,40044.91,39725.0,39842.64,2788.5616,0
2024-01-26 00:30:00,39842.63,39991.24,39734.0,39989.25,1076.4391,-1
2024-01-26 01:30:00,39989.25,39995.99,39637.99,39838.31,1432.49568,1
2024-01-26 02:30:00,39838.3,39935.94,39792.02,39929.6,1064.77144,-1
2024-01-26 03:30:00,39929.6,39981.1,39888.23,39956.31,579.54506,0
2024-01-26 04:30:00,39956.32,39984.32,39893.03,39961.09,633.49132,0
2024-01-26 05:30:00,39961.09,39970.71,39884.14,39895.92,473.15533,1
2024-01-26 06:30:00,39895.93,39959.45,39822.52,39937.78,572.62062,-1
2024-01-26 07:30:00,39937.77,40245.0,39937.77,40144.31,1519.9574,0
2024-01-26 08:30:00,40144.3,40191.92,40067.52,40067.52,614.84384,0
2024-01-26 09:30:00,40067.52,40220.0,40067.52,40149.26,594.42059,0
2024-01-26 10:30:00,40149.25,40180.71,40083.92,40102.4,529.74803,0
2024-01-26 11:30:00,40102.4,40156.56,39988.69,40002.83,643.2162,1
2024-01-26 12:30:00,40002.84,40028.85,39896.84,39969.99,1627.61036,0
2024-01-26 13:30:00,39970.0,40176.47,39962.14,40133.8,1038.20517,-1
2024-01-26 14:30:00,40133.79,40411.39,40037.5,40079.82,2097.66496,0
2024-01-26 15:30:00,40079.83,40755.98,40068.0,40692.64,3407.41985,0
2024-01-26 16:30:00,40692.64,41348.13,40684.79,41289.52,4980.03788,0
2024-01-26 17:30:00,41289.52,41500.0,41091.93,41140.01,4270.58522,0
2024-01-26 18:30:00,41140.01,41229.76,40914.5,41021.65,2049.46599,0
2024-01-26 19:30:00,41021.65,41588.0,41021.65,41588.0,2212.73241,0
2024-01-26 20:30:00,41588.0,41588.0,41218.0,41422.99,3619.35725,0
2024-01-26 21:30:00,41422.98,41995.99,41405.31,41961.14,4401.51543,0
2024-01-26 22:30:00,41961.15,42010.02,41752.83,41915.16,2539.86023,0
2024-01-26 23:30:00,41915.17,42193.8,41851.5,42105.01,2701.00331,0
2024-01-27 00:30:00,42105.0,42125.0,41936.0,42064.49,1717.73397,0
2024-01-27 01:30:00,42064.48,42246.82,41838.83,41977.18,2276.19959,0
2024-01-27 02:30:00,41977.18,42048.0,41878.93,41998.78,1148.22293,0
2024-01-27 03:30:00,41998.77,42011.75,41820.64,41906.28,1674.96289,1
2024-01-27 04:30:00,41906.28,41972.0,41800.02,41823.51,674.42781,0
2024-01-27 05:30:00,41823.51,41866.67,41708.0,41785.94,930.043,0
2024-01-27 06:30:00,41785.94,41933.17,41768.5,41818.86,630.61808,0
2024-01-27 07:30:00,41818.86,41896.09,41815.48,41838.59,382.71397,0
2024-01-27 08:30:00,41838.6,41865.21,41765.64,41815.01,832.99188,0
2024-01-27 09:30:00,41815.01,41875.67,41791.1,41844.26,491.10343,-1
2024-01-27 10:30:00,41844.26,41890.0,41738.59,41762.48,435.4705,1
2024-01-27 11:30:00,41762.49,41812.0,41691.24,41704.04,559.96951,0
2024-01-27 12:30:00,41704.04,41729.41,41602.01,41710.14,898.52317,0
2024-01-27 13:30:00,41710.15,41719.85,41421.21,41470.01,1368.20378,0
2024-01-27 14:30:00,41470.01,41742.7,41394.34,41669.78,1071.11625,0
2024-01-27 15:30:00,41669.79,41800.0,41651.1,41747.3,732.18207,-1
2024-01-27 16:30:00,41747.31,41786.87,41702.88,41761.23,575.83689,0
2024-01-27 17:30:00,41761.22,41807.03,41714.0,41750.0,612.54473,0
2024-01-27 18:30:00,41750.01,41806.55,41725.21,41742.44,419.38468,0
2024-01-27 19:30:00,41742.44,41818.39,41731.01,41766.0,493.43458,0
2024-01-27 20:30:00,41765.99,41894.87,41733.6,41814.0,581.25856,0
2024-01-27 21:30:00,41813.99,41895.74,41791.22,41810.18,609.18361,0
2024-01-27 22:30:00,41810.17,41845.34,41774.07,41779.28,448.23397,0
2024-01-27 23:30:00,41779.28,41817.64,41745.26,41797.62,392.55791,0
2024-01-28 00:30:00,41797.62,41986.06,41790.87,41910.47,806.22964,0
2024-01-28 01:30:00,41910.48,42076.7,41910.47,42059.93,664.97501,0
2024-01-28 02:30:00,42059.94,42176.47,42022.92,42150.59,746.05127,0
2024-01-28 03:30:00,42150.59,42200.0,42079.25,42155.51,624.6537,0
2024-01-28 04:30:00,42155.5,42171.08,42090.0,42120.63,917.13648,0
2024-01-28 05:30:00,42120.63,42145.28,41925.0,41990.85,968.77133,1
2024-01-28 06:30:00,41990.85,42244.0,41990.85,42100.0,1661.33541,-1
2024-01-28 07:30:00,42100.0,42177.4,42100.0,42102.22,700.8102,0
2024-01-28 08:30:00,42102.21,42244.0,42100.0,42231.83,600.99075,0
2024-01-28 09:30:00,42231.84,42765.22,42228.64,42720.32,2631.50653,0
2024-01-28 10:30:00,42720.33,42842.68,42453.41,42562.44,2401.725,0
2024-01-28 11:30:00,42562.45,42577.81,42293.66,42413.27,1652.27318,0
2024-01-28 12:30:00,42413.27,42530.63,42359.13,42388.82,1168.39227,0
2024-01-28 13:30:00,42388.82,42614.18,42323.14,42491.1,1299.94364,0
2024-01-28 14:30:00,42491.09,42698.0,42424.0,42575.03,1422.02088,0
2024-01-28 15:30:00,42575.02,42645.83,42500.0,42600.02,683.9497,0
2024-01-28 16:30:00,42600.03,42612.62,42357.88,42471.98,1042.17023,1
2024-01-28 17:30:00,42471.98,42493.33,42291.11,42417.04,1188.06665,0
2024-01-28 18:30:00,42417.04,42449.99,42240.22,42397.18,910.01882,0
2024-01-28 19:30:00,42397.19,42544.0,42252.13,42288.0,910.41591,0
2024-01-28 20:30:00,42288.0,42411.1,42155.55,42258.01,970.07038,0
2024-01-28 21:30:00,42258.0,42354.7,42136.58,42312.34,755.82534,0
2024-01-28 22:30:00,42312.35,42312.35,42100.0,42168.17,755.94073,0
2024-01-28 23:30:00,42168.16,42170.4,41920.51,41971.67,1049.86327,0
2024-01-29 00:30:00,41971.67,42025.0,41721.08,41785.92,1257.9253,0
2024-01-29 01:30:00,41785.91,41969.75,41681.72,41945.09,1140.40494,0
2024-01-29 02:30:00,41945.09,42028.0,41810.0,41979.59,626.47209,0
2024-01-29 03:30:00,41979.59,41979.59,41620.81,41834.0,726.07206,0
2024-01-29 04:30:00,41834.01,42073.81,41753.19,42031.06,770.03377,-1
2024-01-29 05:30:00,42031.05,42069.23,41874.94,41971.42,735.96031,0
2024-01-29 06:30:00,41971.43,42318.31,41967.57,42160.21,893.00449,0
2024-01-29 07:30:00,42160.21,42328.67,42127.96,42237.56,689.79483,0
2024-01-29 08:30:00,42237.56,42504.0,42237.56,42331.2,1118.92636,0
2024-01-29 09:30:00,42331.19,42345.36,42195.61,42218.0,560.51436,0
2024-01-29 10:30:00,42218.0,42284.94,42131.1,42144.23,656.26092,1
2024-01-29 11:30:00,42144.23,42251.75,42133.0,42163.23,643.13454,0
2024-01-29 12:30:00,42163.24,42242.15,41988.88,42053.46,875.94242,0
2024-01-29 13:30:00,42053.45,42151.26,41966.02,42122.85,711.30358,0
2024-01-29 14:30:00,42122.85,42329.93,41961.1,42295.67,946.51948,-1
2024-01-29 15:30:00,42295.9,42381.1,42208.2,42313.18,867.1729,0
2024-01-29 16:30:00,42313.18,42353.27,42191.1,42246.95,679.92992,0
2024-01-29 17:30:00,42246.95,42371.1,41975.0,42102.66,1381.93262,1
2024-01-29 18:30:00,42102.67,42139.21,41930.88,42006.7,1287.44408,0
2024-01-29 19:30:00,42006.71,42104.98,41804.88,41951.86,1502.31136,0
2024-01-29 20:30:00,41951.86,42647.27,41882.33,42641.75,2591.39618,-1
2024-01-29 21:30:00,42641.75,43313.8,42518.0,43200.0,5705.29111,0
2024-01-29 22:30:00,43200.01,43308.69,42920.01,42996.57,2648.14943,0
2024-01-29 23:30:00,42996.56,43118.1,42883.72,43028.75,1544.40022,0
2024-01-30 00:30:00,43028.74,43152.47,42978.29,42995.99,1416.98804,0
2024-01-30 01:30:00,42995.99,43199.99,42982.66,43147.6,1242.65529,0
2024-01-30 02:30:00,43147.61,43263.15,43061.66,43176.29,1186.41986,0
2024-01-30 03:30:00,43176.29,43210.31,43081.1,43111.1,685.97624,0
2024-01-30 04:30:00,43111.11,43333.0,43078.11,43302.7,971.31353,0
2024-01-30 05:30:00,43302.71,43310.97,43133.9,43162.02,944.79046,0
2024-01-30 06:30:00,43162.02,43559.0,43157.15,43439.51,2487.03277,0
2024-01-30 07:30:00,43439.51,43787.35,43439.51,43615.15,1837.02834,0
2024-01-30 08:30:00,43615.15,43685.2,43460.02,43519.71,1493.36525,0
2024-01-30 09:30:00,43519.71,43570.09,43412.0,43421.49,817.52946,0
2024-01-30 10:30:00,43421.5,43465.22,43342.0,43365.04,650.69606,1
2024-01-30 11:30:00,43365.03,43422.71,43259.26,43340.68,792.67818,0
2024-01-30 12:30:00,43340.68,43446.11,43323.82,43358.25,1091.75741,0
2024-01-30 13:30:00,43358.24,43467.03,43215.76,43432.1,1235.47793,0
2024-01-30 14:30:00,43432.1,43459.89,43320.4,43324.4,893.68806,0
2024-01-30 15:30:00,43324.41,43510.0,43295.55,43482.01,949.27329,-1
2024-01-30 16:30:00,43482.01,43564.85,43414.41,43537.74,1045.71402,0
2024-01-30 17:30:00,43537.75,43882.36,43257.39,43394.53,3427.46676,1
2024-01-30 18:30:00,43394.54,43480.0,43153.06,43287.61,1976.10308,0
2024-01-30 19:30:00,43287.61,43498.0,43114.13,43473.99,1788.03155,-1
2024-01-30 20:30:00,43474.0,43622.0,43292.98,43375.5,2628.65407,1
2024-01-30 21:30:00,43375.5,43516.06,43224.0,43499.03,1844.52412,-1
2024-01-30 22:30:00,43499.03,43599.0,43306.51,43398.31,1501.00015,1
2024-01-30 23:30:00,43398.31,43496.0,43282.94,43371.63,1362.58564,0
2024-01-31 00:30:00,43371.64,43574.8,43336.35,43547.98,1126.04706,-1
2024-01-31 01:30:00,43547.99,43760.0,43480.18,43561.1,2556.66446,0
2024-01-31 02:30:00,43561.1,43694.15,43488.32,43546.07,1431.55277,0
2024-01-31 03:30:00,43546.07,43574.8,43326.27,43327.77,1000.28757,1
2024-01-31 04:30:00,43327.78,43354.48,42683.99,42941.1,2737.297,0
2024-01-31 05:30:00,42941.1,43107.77,42850.0,42933.21,1782.346,0
2024-01-31 06:30:00,42933.2,43000.0,42724.31,42782.82,1138.38172,0
2024-01-31 07:30:00,42782.81,42899.55,42655.07,42883.0,1250.57913,0
2024-01-31 08:30:00,42883.01,42991.49,42861.1,42930.07,742.17294,0
2024-01-31 09:30:00,42930.06,42994.27,42871.1,42962.64,599.95705,0
2024-01-31 10:30:00,42962.64,43050.04,42924.13,42980.0,695.26876,-1
2024-01-31 11:30:00,42980.0,43061.3,42909.2,42975.93,698.88654,0
2024-01-31 12:30:00,42975.92,43087.93,42945.0,43050.01,845.39333,0
2024-01-31 13:30:00,43050.01,43091.1,42938.35,42978.01,701.56744,0
2024-01-31 14:30:00,42978.0,42978.01,42585.17,42646.0,1698.27618,1
2024-01-31 15:30:00,42645.99,42796.72,42383.0,42384.73,2369.64791,0
2024-01-31 16:30:00,42384.72,42678.03,42355.0,42647.98,1346.7386,0
2024-01-31 17:30:00,42647.98,42729.36,42550.54,42622.81,1259.93539,0
2024-01-31 18:30:00,42622.8,42925.52,42521.31,42803.92,1599.83425,-1
2024-01-31 19:30:00,42803.91,42988.97,42571.1,42882.08,2001.57212,0
2024-01-31 20:30:00,42882.08,43465.02,42691.1,43361.1,3277.41349,0
2024-01-31 21:30:00,43361.11,43611.8,43294.46,43474.81,2297.91748,0
2024-01-31 22:30:00,43474.81,43745.1,43432.01,43715.04,1913.45351,0
2024-01-31 23:30:00,43715.04,43745.11,43474.13,43513.38,1499.79579,0
2024-02-01 00:30:00,43513.38,43551.99,43041.1,43334.64,2549.59458,0
2024-02-01 01:30:00,43334.63,43361.1,42519.92,42541.18,3928.70425,1
2024-02-01 02:30:00,42541.19,42707.68,42276.84,42487.12,3017.45402,0
2024-02-01 03:30:00,42487.12,42690.42,42381.1,42656.07,1398.3185,0
2024-02-01 04:30:00,42656.07,42688.88,42555.46,42580.0,1257.9279,0
2024-02-01 05:30:00,42580.0,42687.63,42220.85,42474.95,1507.53813,0
2024-02-01 06:30:00,42474.96,42476.0,41884.28,41983.54,2384.42419,0
2024-02-01 07:30:00,41983.54,42176.87,41958.71,42162.56,1253.03633,0
2024-02-01 08:30:00,42162.55,42190.4,41958.71,42015.65,1014.26773,0
2024-02-01 09:30:00,42015.65,42141.68,41889.95,42073.43,1689.40041,0
2024-02-01 10:30:00,42073.43,42198.0,42028.41,42156.5,1043.08963,0
2024-02-01 11:30:00,42156.5,42225.47,42123.35,42192.4,1034.13285,-1
2024-02-01 12:30:00,42192.39,42300.0,42124.59,42190.16,1046.12528,0
2024-02-01 13:30:00,42190.15,42250.0,42125.25,42244.54,819.12804,0
2024-02-01 14:30:00,42244.54,42261.81,42130.0,42148.31,744.12464,0
2024-02-01 15:30:00,42148.31,42331.1,42112.95,42226.02,1161.43848,0
2024-02-01 16:30:00,42226.01,42298.03,42026.52,42087.52,1278.06135,1
2024-02-01 17:30:00,42087.52,42237.24,41944.89,42142.8,1494.45184,0
2024-02-01 18:30:00,42142.81,42294.0,41981.17,42219.61,1253.09846,-1
2024-02-01 19:30:00,42219.61,42657.48,42186.0,42651.1,2229.76128,0
2024-02-01 20:30:00,42651.1,42946.6,42516.11,42516.12,2881.0304,0
2024-02-01 21:30:00,42516.12,42698.0,42364.0,42658.15,1874.20315,0
2024-02-01 22:30:00,42658.15,43169.23,42628.0,42924.0,2693.82895,0
2024-02-01 23:30:00,42923.99,43053.03,42771.82,42847.06,1644.6931,0
2024-02-02 00:30:00,42847.07,43285.13,42831.11,43218.94,1870.84384,0
2024-02-02 01:30:00,43218.94,43279.91,42895.86,43011.83,1625.6493,0
2024-02-02 02:30:00,43011.83,43220.0,42967.19,43096.41,1259.54812,0
2024-02-02 03:30:00,43096.42,43111.1,42872.91,42927.11,731.61076,1
2024-02-02 04:30:00,42927.12,43086.13,42886.33,43082.94,697.56038,-1
2024-02-02 05:30:00,43082.95,43432.63,43046.48,43174.41,1792.3848,0
2024-02-02 06:30:00,43174.41,43296.35,43104.79,43121.1,1034.42382,0
2024-02-02 07:30:00,43121.1,43200.0,43039.0,43080.41,963.35197,0
2024-02-02 08:30:00,43080.4,43108.48,43026.15,43037.25,456.17682,1
2024-02-02 09:30:00,43037.25,43061.11,42943.71,42966.65,530.31751,0
2024-02-02 10:30:00,42966.65,43140.25,42951.1,43103.97,726.6574,-1
2024-02-02 11:30:00,43103.98,43271.1,43086.95,43165.0,1382.5648,0
2024-02-02 12:30:00,43165.0,43258.03,43086.89,43086.89,1424.82076,0
2024-02-02 13:30:00,43086.9,43107.97,42957.7,43015.99,1112.07579,1
2024-02-02 14:30:00,43015.99,43081.09,42957.43,42980.91,905.74704,0
2024-02-02 15:30:00,42980.91,43140.0,42941.1,43122.48,1137.69292,-1
2024-02-02 16:30:00,43122.47,43199.0,43060.0,43148.41,939.24926,0
2024-02-02 17:30:00,43148.42,43239.57,43060.0,43130.81,1277.78253,0
2024-02-02 18:30:00,43130.81,43146.17,42546.79,42694.01,2822.02176,1
2024-02-02 19:30:00,42694.01,42913.01,42610.0,42805.35,1700.43067,0
2024-02-02 20:30:00,42805.35,43250.0,42750.0,43242.09,2693.30089,-1
2024-02-02 21:30:00,43242.1,43488.0,43100.0,43216.36,2806.19754,0
2024-02-02 22:30:00,43216.35,43296.0,42901.1,42958.47,1481.05645,1
2024-02-02 23:30:00,42958.47,42990.0,42783.09,42928.01,1174.01302,0
2024-02-03 00:30:00,42928.0,43080.0,42920.36,43061.97,901.39668,-1
2024-02-03 01:30:00,43061.98,43089.91,42900.48,42952.65,782.65743,1
2024-02-03 02:30:00,42952.65,43067.78,42950.63,42995.17,484.16268,0
2024-02-03 03:30:00,42995.16,43226.61,42995.16,43202.59,569.5409,-1
2024-02-03 04:30:00,43202.6,43238.01,43132.46,43200.0,574.12074,0
2024-02-03 05:30:00,43199.99,43380.01,43151.11,43229.07,970.35215,0
2024-02-03 06:30:00,43229.07,43322.0,43192.79,43221.1,509.33294,0
2024-02-03 07:30:00,43221.11,43233.55,43154.28,43187.98,402.3204,0
2024-02-03 08:30:00,43187.98,43234.03,43142.0,43173.94,341.21743,0
2024-02-03 09:30:00,43173.95,43222.75,43153.68,43191.67,296.33943,0
2024-02-03 10:30:00,43191.66,43209.11,43095.56,43168.78,431.51848,1
2024-02-03 11:30:00,43168.78,43168.82,43081.1,43095.39,294.70009,0
2024-02-03 12:30:00,43095.39,43133.96,43040.0,43053.05,323.55811,0
2024-02-03 13:30:00,43053.05,43089.58,43004.0,43016.79,386.45599,0
2024-02-03 14:30:00,43016.78,43123.43,43016.78,43092.13,425.87144,0
2024-02-03 15:30:00,43092.12,43125.28,43041.79,43062.07,413.1643,0
2024-02-03 16:30:00,43062.07,43062.07,42973.66,42995.04,584.93265,0
2024-02-03 17:30:00,42995.04,43084.82,42974.99,43070.25,458.199,-1
2024-02-03 18:30:00,43070.25,43093.52,43041.1,43071.59,329.10642,0
2024-02-03 19:30:00,43071.6,43081.96,43022.9,43042.27,414.56612,1
2024-02-03 20:30:00,43042.28,43190.0,42880.0,43119.06,1304.09113,-1
2024-02-03 21:30:00,43119.06,43186.77,43072.53,43095.04,620.63671,0
2024-02-03 22:30:00,43095.04,43270.0,43091.1,43230.01,842.36557,0
2024-02-03 23:30:00,43230.0,43243.52,43028.88,43070.35,806.97707,1
2024-02-04 00:30:00,43070.35,43088.82,43016.28,43061.09,401.64152,0
2024-02-04 01:30:00,43061.09,43104.68,43007.44,43065.15,347.05646,0
2024-02-04 02:30:00,43065.15,43093.04,43027.18,43045.02,300.90176,0
2024-02-04 03:30:00,43045.01,43076.98,43013.05,43031.31,302.27852,0
2024-02-04 04:30:00,43031.32,43075.39,42953.33,43011.09,525.82629,0
2024-02-04 05:30:00,43011.1,43017.44,42880.01,43008.15,746.00106,0
2024-02-04 06:30:00,43008.14,43044.56,42948.32,43041.33,280.68765,-1
2024-02-04 07:30:00,43041.32,43068.79,43021.41,43022.65,272.52037,1
2024-02-04 08:30:00,43022.64,43047.98,43022.64,43027.16,157.7098,-1
2024-02-04 09:30:00,43027.16,43029.17,42901.19,42916.5,325.57336,1
2024-02-04 10:30:00,42916.5,42960.09,42862.51,42892.38,541.39,0
2024-02-04 11:30:00,42892.39,42932.74,42743.95,42746.13,761.57396,0
2024-02-04 12:30:00,42746.13,42862.18,42720.07,42845.03,579.8317,0
2024-02-04 13:30:00,42845.03,42845.03,42774.47,42795.25,389.8882,0
2024-02-04 14:30:00,42795.24,42986.4,42741.6,42942.73,1001.63504,-1
2024-02-04 15:30:00,42942.73,42944.61,42872.3,42944.0,415.49135,0
2024-02-04 16:30:00,42944.0,43119.04,42931.32,43060.1,770.93915,0
2024-02-04 17:30:00,43060.09,43115.76,42994.43,42994.44,616.83738,0
2024-02-04 18:30:00,42994.44,43037.92,42963.53,42995.52,426.19642,0
2024-02-04 19:30:00,42995.53,43016.16,42850.0,42874.0,927.07957,1
2024-02-04 20:30:00,42874.0,42954.59,42845.51,42943.21,574.59974,0
2024-02-04 21:30:00,42943.2,42943.21,42881.14,42913.16,405.86823,0
2024-02-04 22:30:00,42913.16,42969.79,42841.1,42899.45,679.14031,0
2024-02-04 23:30:00,42899.44,42942.95,42757.0,42794.01,793.22597,0
2024-02-05 00:30:00,42794.0,42818.04,42573.17,42636.44,1729.87924,0
2024-02-05 01:30:00,42636.43,42938.0,42541.4,42880.78,1400.52338,-1
2024-02-05 02:30:00,42880.79,42985.73,42772.18,42779.97,898.18268,1
2024-02-05 03:30:00,42779.97,42880.93,42222.0,42571.62,1588.48589,0
2024-02-05 04:30:00,42571.61,42652.5,42506.99,42582.88,783.63359,0
2024-02-05 05:30:00,42582.88,42629.41,42355.01,42360.96,1080.113,0
2024-02-05 06:30:00,42360.96,42546.76,42258.1,42529.67,1092.95799,0
2024-02-05 07:30:00,42529.67,42529.68,42379.01,42447.06,751.20014,0
2024-02-05 08:30:00,42447.07,42729.02,42447.06,42718.31,784.73907,-1
2024-02-05 09:30:00,42718.31,42825.0,42670.12,42749.13,864.87503,0
2024-02-05 10:30:00,42749.13,42777.25,42642.0,42777.24,739.00099,0
2024-02-05 11:30:00,42777.24,42843.75,42697.52,42819.32,624.34278,0
2024-02-05 12:30:00,42819.31,43176.39,42792.01,43071.88,1954.08375,0
2024-02-05 13:30:00,43071.87,43195.36,42991.15,43033.53,1186.42906,0
2024-02-05 14:30:00,43033.53,43067.33,42954.54,43037.59,633.02755,0
2024-02-05 15:30:00,43037.59,43268.98,43037.59,43143.34,1486.58066,0
2024-02-05 16:30:00,43143.35,43205.35,43080.0,43194.08,768.52047,0
2024-02-05 17:30:00,43194.08,43299.0,43122.23,43255.36,809.69119,0
2024-02-05 18:30:00,43255.35,43569.76,43219.05,43447.67,2642.99233,0
2024-02-05 19:30:00,43447.67,43493.2,43150.91,43195.28,1643.23083,0
2024-02-05 20:30:00,43195.28,43195.29,42600.11,42644.03,2914.13067,1
2024-02-05 21:30:00,42644.04,42771.1,42501.0,42741.69,2335.75351,0
2024-02-05 22:30:00,42741.7,42853.7,42660.0,42720.94,1093.66841,0
2024-02-05 23:30:00,42720.94,42738.95,42574.35,42730.89,873.21216,0
2024-02-06 00:30:00,42730.89,42869.66,42703.43,42765.36,766.75568,0
2024-02-06 01:30:00,42765.35,42798.37,42333.33,42426.01,1989.29246,0
2024-02-06 02:30:00,42426.0,42556.89,42365.81,42386.0,922.78119,0
2024-02-06 03:30:00,42386.01,42530.23,42330.52,42504.74,656.59281,0
2024-02-06 04:30:00,42504.73,42722.3,42462.16,42708.7,853.78732,-1
2024-02-06 05:30:00,42708.7,42730.0,42591.1,42600.34,588.85344,0
2024-02-06 06:30:00,42600.34,42769.22,42574.0,42671.11,594.07204,0
2024-02-06 07:30:00,42671.11,42941.47,42650.0,42852.19,1035.93674,0
2024-02-06 08:30:00,42852.18,42960.01,42769.96,42851.11,678.30297,0
2024-02-06 09:30:00,42851.1,42926.73,42784.26,42826.18,571.81254,0
2024-02-06 10:30:00,42826.18,42846.0,42753.99,42785.28,385.73964,0
2024-02-06 11:30:00,42785.27,42796.16,42667.0,42780.46,559.29759,0
2024-02-06 12:30:00,42780.46,42911.1,42743.81,42890.0,684.44354,0
2024-02-06 13:30:00,42889.99,43089.38,42887.48,43069.02,1396.7869,0
2024-02-06 14:30:00,43069.02,43119.9,42950.0,42991.55,1201.85225,0
2024-02-06 15:30:00,42991.56,43100.0,42670.61,42799.5,2004.02342,1
2024-02-06 16:30:00,42799.49,42853.84,42701.04,42826.96,977.01483,0
2024-02-06 17:30:00,42826.96,42895.73,42658.0,42789.36,1173.54011,0
2024-02-06 18:30:00,42789.36,43010.01,42739.94,42881.33,1361.85192,0
2024-02-06 19:30:00,42881.34,43093.83,42815.75,42942.8,1262.74237,-1
2024-02-06 20:30:00,42942.79,43270.89,42897.97,43244.89,2151.59923,0
2024-02-06 21:30:00,43244.89,43399.98,43149.64,43165.46,2071.12259,0
2024-02-06 22:30:00,43165.46,43269.75,43101.7,43180.66,1157.15112,0
2024-02-06 23:30:00,43180.67,43256.62,43000.0,43200.31,1022.22951,0
2024-02-07 00:30:00,43200.31,43295.04,43119.61,43278.78,841.09052,0
2024-02-07 01:30:00,43278.79,43322.0,43070.29,43095.67,938.3742,1
2024-02-07 02:30:00,43095.67,43273.06,43060.28,43166.31,776.4339,0
2024-02-07 03:30:00,43166.31,43217.11,43114.73,43199.98,480.74641,-1
2024-02-07 04:30:00,43199.97,43222.94,43032.71,43098.95,760.83655,1
2024-02-07 05:30:00,43098.96,43192.0,43049.23,43096.47,732.59917,0
2024-02-07 06:30:00,43096.46,43186.98,43043.95,43049.71,551.08075,0
2024-02-07 07:30:00,43049.71,43101.12,43001.1,43049.04,506.66,0
2024-02-07 08:30:00,43049.04,43049.04,42788.0,42800.0,1177.75777,0
2024-02-07 09:30:00,42799.99,42946.15,42794.67,42929.18,729.3539,0
2024-02-07 10:30:00,42929.18,43051.1,42882.0,43029.12,625.33484,-1
2024-02-07 11:30:00,43029.12,43030.61,42891.52,42961.92,565.82276,1
2024-02-07 12:30:00,42961.92,43006.0,42900.0,42918.03,552.74195,0
2024-02-07 13:30:00,42918.02,42969.08,42872.37,42942.83,496.6846,0
2024-02-07 14:30:00,42942.82,42969.07,42907.62,42964.02,249.81523,-1
